requirement_id,requirement_statement,module,priority,test_case_ids,test_case_count,exists_in_rally,executed,result,diagnosis
REQ-001,"El sistema ofrece un listado de clientes con búsqueda por nombre, ordenación por columna y paginación.",clients,high,TC-001;TC-002,2,n/d,n/d,n/d,Correcto
REQ-002,El sistema permite registrar un cliente nuevo.,clients,critical,TC-003,1,n/d,n/d,n/d,Correcto
REQ-003,El sistema exige el nombre del cliente tanto al registrarlo como al modificarlo.,clients,critical,TC-004;TC-005,2,n/d,n/d,n/d,Correcto
REQ-004,"La ficha de un cliente muestra sus datos, sus vehículos y sus facturas.",clients,high,TC-006,1,n/d,n/d,n/d,Correcto
REQ-005,El sistema permite modificar los datos de un cliente ya registrado.,clients,high,TC-007,1,n/d,n/d,n/d,Correcto
REQ-006,El sistema permite dar de baja un cliente previa confirmación del usuario.,clients,medium,TC-008;TC-009,2,n/d,n/d,n/d,Correcto
REQ-007,El sistema impide dar de baja un cliente que tenga vehículos asociados.,clients,critical,TC-010,1,n/d,n/d,n/d,Correcto
REQ-008,El sistema impide dar de baja un cliente que tenga facturas asociadas.,clients,critical,TC-011,1,n/d,n/d,n/d,Correcto
REQ-009,"El sistema ofrece un listado de vehículos con búsqueda, ordenación por columna y paginación.",vehicles,high,TC-012,1,n/d,n/d,n/d,Correcto
REQ-010,"El sistema permite registrar un vehículo, tanto desde el módulo de vehículos como desde la ficha del cliente.",vehicles,critical,TC-013;TC-014,2,n/d,n/d,n/d,Correcto
REQ-011,Todo vehículo queda asociado a un cliente que ya existe en el sistema.,vehicles,critical,TC-015,1,n/d,n/d,n/d,Correcto
REQ-012,"El sistema exige marca, modelo y matrícula para registrar o modificar un vehículo.",vehicles,critical,TC-016;TC-017,2,n/d,n/d,n/d,Correcto
REQ-013,El sistema impide que dos vehículos compartan la misma matrícula.,vehicles,critical,TC-018;TC-019,2,n/d,n/d,n/d,Correcto
REQ-014,"La ficha de un vehículo muestra sus datos, el cliente propietario y sus albaranes.",vehicles,high,TC-020,1,n/d,n/d,n/d,Correcto
REQ-015,El sistema permite modificar los datos de un vehículo ya registrado.,vehicles,high,TC-021,1,n/d,n/d,n/d,Correcto
REQ-016,El sistema permite dar de baja un vehículo previa confirmación del usuario.,vehicles,medium,TC-022,1,n/d,n/d,n/d,Correcto
REQ-017,El sistema impide dar de baja un vehículo que tenga albaranes asociados.,vehicles,critical,TC-023,1,n/d,n/d,n/d,Correcto
REQ-018,"El sistema ofrece un catálogo de piezas en el que cada pieza muestra su referencia, su precio y su stock actual.",peces,high,TC-024,1,n/d,n/d,n/d,Correcto
REQ-019,El sistema permite dar de alta una pieza en el catálogo con su stock inicial.,peces,high,TC-025,1,n/d,n/d,n/d,Correcto
REQ-020,El sistema exige el nombre de la pieza tanto al darla de alta como al modificarla.,peces,critical,TC-026;TC-027,2,n/d,n/d,n/d,Correcto
REQ-021,"La ficha de una pieza muestra su referencia, precio, coste, unidad, proveedor y stock.",peces,medium,TC-028,1,n/d,n/d,n/d,Correcto
REQ-022,El sistema permite modificar los datos de una pieza del catálogo.,peces,high,TC-029,1,n/d,n/d,n/d,Correcto
REQ-023,El sistema permite dar de baja una pieza del catálogo previa confirmación del usuario.,peces,medium,TC-030,1,n/d,n/d,n/d,Correcto
REQ-024,El sistema impide dar de baja una pieza que se haya utilizado en algún albarán.,peces,critical,TC-031,1,n/d,n/d,n/d,Correcto
REQ-025,"El sistema ofrece un listado de albaranes filtrable por vehículo, por cliente y por situación del albarán.",albarans,high,TC-032;TC-033,2,n/d,n/d,n/d,Correcto
REQ-026,"El sistema permite abrir un albarán para un vehículo, tanto desde el módulo de albaranes como desde la ficha del vehículo, y el albarán nace sin líneas.",albarans,critical,TC-034;TC-035,2,n/d,n/d,n/d,Correcto
REQ-027,Todo albarán queda asociado a un vehículo que ya existe en el sistema.,albarans,critical,TC-036;TC-116,2,n/d,n/d,n/d,Correcto
REQ-028,Un albarán recién abierto queda en situación de pendiente de facturar.,albarans,critical,TC-037,1,n/d,n/d,n/d,Correcto
REQ-029,"El sistema asigna a cada albarán un número correlativo anual sin intervención del usuario, con el formato año/A-nnnn.",albarans,high,TC-038;TC-039,2,n/d,n/d,n/d,Correcto
REQ-030,El sistema permite añadir a un albarán una línea de pieza indicando la pieza y la cantidad consumida.,albarans,critical,TC-040,1,n/d,n/d,n/d,Correcto
REQ-031,"El sistema solo admite en un albarán líneas de pieza o de mano de obra: una anotación que no sea de ninguno de esos dos tipos no llega a registrarse, de modo que el albarán mantiene las líneas y los importes que ya tenía.",albarans,high,TC-041,1,n/d,n/d,n/d,Correcto
REQ-032,El sistema exige que la cantidad de una línea de albarán sea mayor que cero.,albarans,critical,TC-042;TC-043;TC-044,3,n/d,n/d,n/d,Correcto
REQ-033,El sistema exige que la pieza de una línea de pieza exista en el catálogo.,albarans,critical,TC-045,1,n/d,n/d,n/d,Correcto
REQ-034,"Cuando el usuario no indica el precio de una línea de pieza, el sistema aplica el precio que la pieza tiene en el catálogo.",albarans,high,TC-046;TC-047,2,n/d,n/d,n/d,Correcto
REQ-035,"Al añadir una línea de pieza, el sistema descuenta del stock de esa pieza la cantidad consumida, en la misma operación que registra la línea.",albarans,critical,TC-048;TC-049,2,n/d,n/d,n/d,Correcto
REQ-036,El sistema permite añadir a un albarán una línea de mano de obra con las horas trabajadas y su precio por hora.,albarans,critical,TC-050,1,n/d,n/d,n/d,Correcto
REQ-037,El sistema exige una descripción del trabajo en toda línea de mano de obra.,albarans,high,TC-051,1,n/d,n/d,n/d,Correcto
REQ-038,El sistema permite retirar una línea de un albarán no facturado.,albarans,high,TC-052,1,n/d,n/d,n/d,Correcto
REQ-039,"Al retirar una línea de pieza, el sistema devuelve al stock de esa pieza la cantidad que se había consumido, en la misma operación que elimina la línea.",albarans,critical,TC-053;TC-054,2,n/d,n/d,n/d,Correcto
REQ-040,"El sistema permite modificar el vehículo, la fecha y las notas de un albarán no facturado.",albarans,medium,TC-055;TC-112;TC-114,3,n/d,n/d,n/d,Correcto
REQ-041,"El sistema permite borrar un albarán no facturado junto con todas sus líneas, previa confirmación del usuario.",albarans,medium,TC-056,1,n/d,n/d,n/d,Correcto
REQ-042,"El sistema impide modificar, borrar o alterar las líneas de un albarán que ya ha sido facturado.",albarans,critical,TC-057;TC-058;TC-059;TC-115,4,n/d,n/d,n/d,Correcto
REQ-043,El sistema permite emitir una factura a partir de los albaranes pendientes de facturar de un cliente.,factures,critical,TC-060;TC-061,2,n/d,n/d,n/d,Correcto
REQ-044,El sistema exige que toda factura agrupe al menos un albarán.,factures,critical,TC-062,1,n/d,n/d,n/d,Correcto
REQ-045,El sistema exige que todos los albaranes de una factura estén pendientes de facturar en el momento de emitirla.,factures,critical,TC-063,1,n/d,n/d,n/d,Correcto
REQ-046,El sistema exige que todos los albaranes de una misma factura pertenezcan al mismo cliente.,factures,critical,TC-064,1,n/d,n/d,n/d,Correcto
REQ-047,"Al emitir una factura, el sistema marca sus albaranes como facturados y los enlaza a ella en la misma operación.",factures,critical,TC-065;TC-066,2,n/d,n/d,n/d,Correcto
REQ-048,"El sistema asigna a cada factura un número correlativo anual sin intervención del usuario, con el formato año/F-nnnn.",factures,high,TC-067;TC-068,2,n/d,n/d,n/d,Correcto
REQ-049,"La base de una factura es la suma de la cantidad por el precio de todas las líneas de los albaranes que agrupa, y su total es la base más el IVA.",factures,critical,TC-069;TC-070,2,n/d,n/d,n/d,Correcto
REQ-050,"Cuando el usuario no indica un tipo de IVA al emitir la factura, el sistema aplica el 21 por ciento.",factures,critical,TC-071;TC-072,2,n/d,n/d,n/d,Correcto
REQ-051,"El sistema presenta la base, el IVA y el total de una factura redondeados a dos decimales.",factures,high,TC-073,1,n/d,n/d,n/d,Correcto
REQ-052,"El sistema ofrece un listado de facturas en el que cada factura muestra su número, su estado de pago y su total.",factures,high,TC-074,1,n/d,n/d,n/d,Correcto
REQ-053,"El detalle de una factura muestra los albaranes que agrupa, la base, el IVA y el total.",factures,high,TC-075,1,n/d,n/d,n/d,Correcto
REQ-054,El sistema permite marcar una factura como pagada o devolverla a pendiente de cobro.,factures,high,TC-076;TC-077,2,n/d,n/d,n/d,Correcto
REQ-055,El estado de pago de una factura solo puede ser pendiente o pagada.,factures,high,TC-078,1,n/d,n/d,n/d,Correcto
REQ-056,"El sistema ofrece un listado de empleados en el que cada empleado muestra su nombre, su cargo y su contacto.",personal,medium,TC-079,1,n/d,n/d,n/d,Correcto
REQ-057,El sistema permite dar de alta un empleado del taller.,personal,high,TC-080,1,n/d,n/d,n/d,Correcto
REQ-058,El sistema exige el nombre del empleado tanto al darlo de alta como al modificarlo.,personal,critical,TC-081;TC-082,2,n/d,n/d,n/d,Correcto
REQ-059,La ficha de un empleado muestra sus datos y sus nóminas.,personal,medium,TC-083,1,n/d,n/d,n/d,Correcto
REQ-060,El sistema permite modificar los datos de un empleado.,personal,medium,TC-084,1,n/d,n/d,n/d,Correcto
REQ-061,El sistema permite dar de baja un empleado previa confirmación del usuario.,personal,medium,TC-085,1,n/d,n/d,n/d,Correcto
REQ-062,El sistema impide dar de baja un empleado que tenga nóminas asociadas.,personal,critical,TC-086,1,n/d,n/d,n/d,Correcto
REQ-063,El sistema ofrece un listado de nóminas ordenado de la más reciente a la más antigua por año y mes.,nomines,medium,TC-087,1,n/d,n/d,n/d,Correcto
REQ-064,"El sistema permite registrar la nómina de un empleado para un mes y un año, indicando el salario bruto y las deducciones, tanto desde el módulo de nóminas como desde la ficha del empleado.",nomines,critical,TC-088;TC-089,2,n/d,n/d,n/d,Correcto
REQ-065,Toda nómina queda asociada a un empleado que ya existe en el sistema.,nomines,critical,TC-090,1,n/d,n/d,n/d,Correcto
REQ-066,"El sistema exige empleado, mes y año para registrar o modificar una nómina.",nomines,critical,TC-091,1,n/d,n/d,n/d,Correcto
REQ-067,El sistema exige que el mes de una nómina esté comprendido entre 1 y 12.,nomines,high,TC-092;TC-093;TC-094,3,n/d,n/d,n/d,Correcto
REQ-068,El sistema impide que un empleado tenga más de una nómina para el mismo mes y año.,nomines,critical,TC-095;TC-096,2,n/d,n/d,n/d,Correcto
REQ-069,"El detalle de una nómina muestra el salario bruto, las deducciones y el salario neto.",nomines,high,TC-097,1,n/d,n/d,n/d,Correcto
REQ-070,"El salario neto de una nómina es el salario bruto menos las deducciones, redondeado a dos decimales, y se obtiene en cada consulta a partir de esos dos importes.",nomines,critical,TC-098;TC-099;TC-100,3,n/d,n/d,n/d,Correcto
REQ-071,El sistema permite modificar los datos de una nómina registrada.,nomines,medium,TC-101,1,n/d,n/d,n/d,Correcto
REQ-072,El sistema permite marcar una nómina como pagada o devolverla a pendiente de pago.,nomines,high,TC-102,1,n/d,n/d,n/d,Correcto
REQ-073,El estado de pago de una nómina solo puede ser pendiente o pagada.,nomines,high,TC-103,1,n/d,n/d,n/d,Correcto
REQ-074,"El sistema permite borrar una nómina previa confirmación del usuario, sin ninguna restricción adicional.",nomines,medium,TC-104,1,n/d,n/d,n/d,Correcto
REQ-075,"El sistema permite al usuario cambiar el idioma de la interfaz entre catalán y castellano en cualquier momento, sin perder el trabajo en curso.",shell,high,TC-105,1,n/d,n/d,n/d,Correcto
REQ-076,"La interfaz se presenta en castellano mientras el usuario no elija otro idioma, y su elección se conserva para las siguientes sesiones.",shell,medium,TC-106;TC-107,2,n/d,n/d,n/d,Correcto
REQ-077,El sistema permite al usuario cambiar entre tema claro y tema oscuro en cualquier momento.,shell,medium,TC-108,1,n/d,n/d,n/d,Correcto
REQ-078,"La interfaz adopta el tema que prefiere el equipo del usuario mientras este no elija otro, y su elección se conserva para las siguientes sesiones.",shell,low,TC-109,1,n/d,n/d,n/d,Correcto
REQ-079,La sección de Configuración informa al usuario de que el módulo está pendiente de desarrollo.,configuracio,low,TC-110,1,n/d,n/d,n/d,Correcto
REQ-080,"El sistema impide que, al modificar la cabecera de un albarán no facturado, su vehículo se sustituya por uno perteneciente a un cliente distinto del actual; el intento se rechaza por completo y ni el vehículo, ni la fecha, ni las notas quedan modificados.",albarans,critical,TC-111;TC-113;TC-119,3,n/d,n/d,n/d,Correcto
REQ-081,"Al modificar la cabecera de un albarán no facturado, el selector de vehículo solo ofrece los vehículos del cliente actual del albarán.",albarans,high,TC-117;TC-118,2,n/d,n/d,n/d,Correcto
